1,https://upload.wikimedia.org/wikipedia/commons/thumb/b/b6/Gilbert_Stuart_Williamstown_Portrait_of_George_Washington.jpg/329px-Gilbert_Stuart_Williamstown_Portrait_of_George_Washington.jpg
2,https://upload.wikimedia.org/wikipedia/commons/thumb/d/df/Official_Presidential_portrait_of_John_Adams_%28by_John_Trumbull%2C_circa_1792%29.jpg/330px-Official_Presidential_portrait_of_John_Adams_%28by_John_Trumbull%2C_circa_1792%29.jpg
3,https://upload.wikimedia.org/wikipedia/commons/thumb/1/1e/Thomas_Jefferson_by_Rembrandt_Peale%2C_1800.jpg/330px-Thomas_Jefferson_by_Rembrandt_Peale%2C_1800.jpg
4,https://upload.wikimedia.org/wikipedia/commons/thumb/1/1d/James_Madison.jpg/330px-James_Madison.jpg
5,https://upload.wikimedia.org/wikipedia/commons/thumb/9/95/James_Monroe_White_House_portrait_1819.gif/330px-James_Monroe_White_House_portrait_1819.gif
6,https://upload.wikimedia.org/wikipedia/commons/thumb/5/51/JQA_Photo.tif/lossy-page1-330px-JQA_Photo.tif.jpg
7,https://upload.wikimedia.org/wikipedia/commons/thumb/d/d8/Andrew_Jackson_Daguerrotype-crop.jpg/330px-Andrew_Jackson_Daguerrotype-crop.jpg
8,https://upload.wikimedia.org/wikipedia/commons/thumb/1/1f/Martin_Van_Buren_by_Mathew_Brady_c1855-58.jpg/330px-Martin_Van_Buren_by_Mathew_Brady_c1855-58.jpg
9,https://upload.wikimedia.org/wikipedia/commons/thumb/c/c5/William_Henry_Harrison_daguerreotype_edit.jpg/330px-William_Henry_Harrison_daguerreotype_edit.jpg
10,https://upload.wikimedia.org/wikipedia/commons/thumb/5/55/Tyler_Daguerreotype_%28restoration%29.jpg/330px-Tyler_Daguerreotype_%28restoration%29.jpg
11,https://upload.wikimedia.org/wikipedia/commons/thumb/b/be/Polkpolk.jpg/330px-Polkpolk.jpg
12,https://upload.wikimedia.org/wikipedia/commons/thumb/a/a6/Zachary_Taylor_restored_and_cropped.png/330px-Zachary_Taylor_restored_and_cropped.png
13,https://upload.wikimedia.org/wikipedia/commons/thumb/d/d7/Millard_Fillmore-Edit1.jpg/330px-Millard_Fillmore-Edit1.jpg
14,https://upload.wikimedia.org/wikipedia/commons/thumb/4/46/Mathew_Brady_-_Franklin_Pierce_-_alternate_crop.jpg/330px-Mathew_Brady_-_Franklin_Pierce_-_alternate_crop.jpg
15,https://upload.wikimedia.org/wikipedia/commons/thumb/f/fd/James_Buchanan.jpg/329px-James_Buchanan.jpg
16,https://upload.wikimedia.org/wikipedia/commons/thumb/1/1b/Abraham_Lincoln_November_1863.jpg/330px-Abraham_Lincoln_November_1863.jpg
17,https://upload.wikimedia.org/wikipedia/commons/thumb/e/e6/Andrew_Johnson_photo_portrait_head_and_shoulders%2C_c1870-1880-Edit1.jpg/330px-Andrew_Johnson_photo_portrait_head_and_shoulders%2C_c1870-1880-Edit1.jpg
18,https://upload.wikimedia.org/wikipedia/commons/thumb/d/d7/Ulysses_Grant_1870-1880.jpg/330px-Ulysses_Grant_1870-1880.jpg
19,https://upload.wikimedia.org/wikipedia/commons/thumb/5/50/President_Rutherford_Hayes_1870_-_1880_Restored.jpg/330px-President_Rutherford_Hayes_1870_-_1880_Restored.jpg
20,https://upload.wikimedia.org/wikipedia/commons/thumb/1/1f/James_Abram_Garfield%2C_photo_portrait_seated.jpg/330px-James_Abram_Garfield%2C_photo_portrait_seated.jpg
21,https://upload.wikimedia.org/wikipedia/commons/thumb/7/79/Chester_Alan_Arthur.jpg/330px-Chester_Alan_Arthur.jpg
22,https://upload.wikimedia.org/wikipedia/commons/thumb/5/55/StephenGroverCleveland.png/330px-StephenGroverCleveland.png
23,https://upload.wikimedia.org/wikipedia/commons/thumb/f/f8/Benjamin_Harrison%2C_head_and_shoulders_bw_photo%2C_1896.jpg/330px-Benjamin_Harrison%2C_head_and_shoulders_bw_photo%2C_1896.jpg
24,https://upload.wikimedia.org/wikipedia/commons/thumb/3/3b/Grover_Cleveland_-_NARA_-_518139.jpg/330px-Grover_Cleveland_-_NARA_-_518139.jpg
25,https://upload.wikimedia.org/wikipedia/commons/thumb/a/a9/William_McKinley_by_Courtney_Art_Studio%2C_1896.jpg/330px-William_McKinley_by_Courtney_Art_Studio%2C_1896.jpg
26,https://upload.wikimedia.org/wikipedia/commons/thumb/e/eb/T_Roosevelt.jpg/330px-T_Roosevelt.jpg
27,https://upload.wikimedia.org/wikipedia/commons/thumb/9/9b/William_Howard_Taft_1909.jpg/320px-William_Howard_Taft_1909.jpg
28,https://upload.wikimedia.org/wikipedia/commons/thumb/7/70/President_Wilson_1919.jpg/330px-President_Wilson_1919.jpg
29,https://upload.wikimedia.org/wikipedia/commons/thumb/c/c4/Warren_G_Harding-Harris_%26_Ewing.jpg/330px-Warren_G_Harding-Harris_%26_Ewing.jpg
30,https://upload.wikimedia.org/wikipedia/commons/thumb/7/78/Calvin_Coolidge_cph.3g10777.jpg/330px-Calvin_Coolidge_cph.3g10777.jpg
31,https://upload.wikimedia.org/wikipedia/commons/thumb/3/3f/President_Hoover_portrait.tif/lossy-page1-330px-President_Hoover_portrait.tif.jpg
32,https://upload.wikimedia.org/wikipedia/commons/thumb/f/fc/Franklin_D._Roosevelt_-_NARA_-_535943.jpg/330px-Franklin_D._Roosevelt_-_NARA_-_535943.jpg
33,https://upload.wikimedia.org/wikipedia/commons/thumb/1/18/Harry_S._Truman_-_NARA_-_530677.tif/lossy-page1-330px-Harry_S._Truman_-_NARA_-_530677.tif.jpg
34,https://upload.wikimedia.org/wikipedia/commons/thumb/5/52/President_Eisenhower_Portrait_1959.tif/lossy-page1-330px-President_Eisenhower_Portrait_1959.tif.jpg
35,https://upload.wikimedia.org/wikipedia/commons/thumb/c/c3/John_F._Kennedy%2C_White_House_color_photo_portrait.jpg/330px-John_F._Kennedy%2C_White_House_color_photo_portrait.jpg
36,https://upload.wikimedia.org/wikipedia/commons/thumb/2/2f/Lyndon_B._Johnson_Oval_Office_Portrait.tif/lossy-page1-330px-Lyndon_B._Johnson_Oval_Office_Portrait.tif.jpg
37,https://upload.wikimedia.org/wikipedia/commons/thumb/9/98/Richard_M._Nixon%2C_ca._1935_-_1982_-_NARA_-_530679.tif/lossy-page1-330px-Richard_M._Nixon%2C_ca._1935_-_1982_-_NARA_-_530679.tif.jpg
38,https://upload.wikimedia.org/wikipedia/commons/thumb/d/d0/Gerald_Ford_-_NARA_-_530680.tif/lossy-page1-330px-Gerald_Ford_-_NARA_-_530680.tif.jpg
39,https://upload.wikimedia.org/wikipedia/commons/thumb/5/5a/JimmyCarterPortrait2.jpg/330px-JimmyCarterPortrait2.jpg
40,https://upload.wikimedia.org/wikipedia/commons/thumb/1/16/Official_Portrait_of_President_Reagan_1981.jpg/329px-Official_Portrait_of_President_Reagan_1981.jpg
41,https://upload.wikimedia.org/wikipedia/commons/thumb/0/0f/George_H._W._Bush%2C_President_of_the_United_States%2C_1989_official_portrait.jpg/330px-George_H._W._Bush%2C_President_of_the_United_States%2C_1989_official_portrait.jpg
42,https://upload.wikimedia.org/wikipedia/commons/thumb/d/d3/Bill_Clinton.jpg/330px-Bill_Clinton.jpg
43,https://upload.wikimedia.org/wikipedia/commons/thumb/d/d4/George-W-Bush.jpeg/330px-George-W-Bush.jpeg
44,https://upload.wikimedia.org/wikipedia/commons/thumb/8/8d/President_Barack_Obama.jpg/330px-President_Barack_Obama.jpg
